[
    {
        "视频": [
            {
                "飙股在线等": [
                    {
                        "name": "【飆股在線等】第1集！｜KD黃金交叉買死亡賣？超簡單！正宗KD三招賺法 看圖秒懂 350%飆股買點｜李兆華、朱家泓《理財達人秀》2020.07.29",
                        "desc": "链接: https://pan.baidu.com/s/1DwXrVV6qXXmp164eyuHvTQ 提取码: 52xh",
                        "download_url": "https://pan.baidu.com/s/1DwXrVV6qXXmp164eyuHvTQ"
                    },
                    {
                        "name": "【飆股在線等】第2集！｜技術分析起漲信號！K棒均線找飆股起漲點 進場大賺250%？｜李兆華、朱家泓《理財達人秀》2020.08.05",
                        "desc": "链接: https://pan.baidu.com/s/1UrcOELXcfyDvawOn-7fyMg 提取码: qtnu",
                        "download_url": "https://pan.baidu.com/s/1UrcOELXcfyDvawOn-7fyMg"
                    },
                    {
                        "name": "【飆股在線等】第3集！｜史上最強！MACD買飆股SOP完整教學 看紅綠柱就賺 210%？｜李兆華、朱家泓《理財達人秀》2020.08.19",
                        "desc": "链接: https://pan.baidu.com/s/1q7aHwBiu0dFtEGLF9vmCYg 提取码: 5vkb",
                        "download_url": "https://pan.baidu.com/s/1q7aHwBiu0dFtEGLF9vmCYg"
                    },
                    {
                        "name": "【飆股在線等】第4集！｜均線完整教學 387%獲利密技 K神一條線買賣 短中長期通吃｜李兆華、朱家泓《理財達人秀》2020.08.26",
                        "desc": "链接: https://pan.baidu.com/s/1THgssVSdvxlt7etEZJ7SwQ 提取码: sk3j",
                        "download_url": "https://pan.baidu.com/s/1THgssVSdvxlt7etEZJ7SwQ"
                    },
                    {
                        "name": "【飆股在線等】第5集！｜獨家！K棒走圖班教戰知漲跌 4種變盤訊號 買最低大賺200%｜李兆華、朱家泓《理財達人秀》2020.08.31",
                        "desc": "链接: https://pan.baidu.com/s/1miCJK9jFEmdqUYat9SjElA 提取码: wgdy",
                        "download_url": "https://pan.baidu.com/s/1miCJK9jFEmdqUYat9SjElA"
                    },
                    {
                        "name": "【飆股在線等】第6集！｜天天賺！朱家泓當沖教學來了 戶頭免放錢 半小時爽賺3萬｜李兆華、朱家泓《@理財達人秀 EBCmoneyshow 》2020.09.09",
                        "desc": "链接: https://pan.baidu.com/s/16bVOFC3bFI_VvSAOvynrJQ 提取码: 5ydn",
                        "download_url": "https://pan.baidu.com/s/16bVOFC3bFI_VvSAOvynrJQ"
                    },
                    {
                        "name": "【飆股在線等】第7集！｜當沖選股！1700檔中抓漲停 5種圖進場30分鐘賺10%收工｜李兆華、朱家泓《理財達人秀》2020.09.16",
                        "desc": "链接: https://pan.baidu.com/s/1Nb7cSBTSJQqDEj38E868Fw 提取码: afgz",
                        "download_url": "https://pan.baidu.com/s/1Nb7cSBTSJQqDEj38E868Fw"
                    },
                    {
                        "name": "【飆股在線等】第8集！｜獨家！朱家泓操盤手稿揭密 盤前必做4功課 天天抓5%飆股｜李兆華、朱家泓《理財達人秀》2020.09.24",
                        "desc": "链接: https://pan.baidu.com/s/1rY2WNf95wETk63qV3dJ6TQ 提取码: s5rg",
                        "download_url": "https://pan.baidu.com/s/1rY2WNf95wETk63qV3dJ6TQ"
                    },
                    {
                        "name": "【飆股在線等】第9集！｜最好懂技術分析 支撐vs.壓力 2條線抓漲跌！ K神畫線教進出 買低賣高賺20%｜李兆華、朱家泓《理財達人秀》2020.10.14",
                        "desc": "链接: https://pan.baidu.com/s/1q2320ZjPUh2Ut4KLnmKckQ 提取码: njx8",
                        "download_url": "https://pan.baidu.com/s/1q2320ZjPUh2Ut4KLnmKckQ"
                    },
                    {
                        "name": "【飆股在線等】第10集！｜抓到了！跳空缺口揭主力暗號 4種缺口必漲 進場賺飽112%？｜李兆華、朱家泓《理財達人秀》2020.10.21",
                        "desc": "链接: https://pan.baidu.com/s/1sAC3yldihRXqLbrc1JHOMw 提取码: beks",
                        "download_url": "https://pan.baidu.com/s/1sAC3yldihRXqLbrc1JHOMw"
                    },
                    {
                        "name": "【飆股在線等】第11集！｜技術分析型態學 朱家泓親授90%勝率N字底 算目標價不停損爽賺80%｜李兆華、朱家泓《理財達人秀》2020.10.28-",
                        "desc": "链接: https://pan.baidu.com/s/1q9OfcxgsQJ82vOuefWLMfw 提取码: tec4",
                        "download_url": "https://pan.baidu.com/s/1q9OfcxgsQJ82vOuefWLMfw"
                    },
                    {
                        "name": "【飆股在線等】第12集！｜抄底型態頭肩底 買在起漲大賺目標價 朱家泓教戰 進場vs.加碼攻略 66%爽落袋？｜李兆華、朱家泓《理財達人秀》2020.11.04",
                        "desc": "链接: https://pan.baidu.com/s/1ZpEjUlMXkvoMD8JDa28TyA 提取码: 6r6v",
                        "download_url": "https://pan.baidu.com/s/1ZpEjUlMXkvoMD8JDa28TyA"
                    },
                    {
                        "name": "【飆股在線等】第13集！｜跳空缺口 真回補vs.假回補 看缺口獲利！抓突破爽賺30%｜李兆華、朱家泓《理財達人秀》2020.11.11",
                        "desc": "链接: https://pan.baidu.com/s/1ERWkjrWFzgveJY4gX847GQ 提取码: rheh",
                        "download_url": "https://pan.baidu.com/s/1ERWkjrWFzgveJY4gX847GQ"
                    },
                    {
                        "name": "【飆股在線等】第14集！｜95%獲利型態大勝頭肩底.N字底 圓弧底狂漲穩賺目標價 型態+趨勢雙賺攻略｜李兆華、朱家泓《理財達人秀》2020.12.02",
                        "desc": "链接: https://pan.baidu.com/s/1NJC1274F-K0F9CERUT4geA 提取码: gufx",
                        "download_url": "https://pan.baidu.com/s/1NJC1274F-K0F9CERUT4geA"
                    },
                    {
                        "name": "【飆股在線等】第15集｜大盤震盪散戶怕爆！黃金分割率神算跌深反彈時機 3密碼揭支撐壓力？1數字洩密 回檔買點靠它？｜李兆華、朱家泓《理財達人秀》2021.1.6",
                        "desc": "链接: https://pan.baidu.com/s/1SetAtJ6M9pmD0AHVOuibjg 提取码: inyx",
                        "download_url": "https://pan.baidu.com/s/1SetAtJ6M9pmD0AHVOuibjg"
                    },
                    {
                        "name": "【飆股在線等】第16集｜朱家泓最狂6字訣 畫一條切線辨趨勢多空雙賺！穩抱50%飆股？｜李兆華、朱家泓《理財達人秀》2021.01.20",
                        "desc": "链接: https://pan.baidu.com/s/1Vq1cwnO8qwv3-YDIaM1zzQ 提取码: 3pqt",
                        "download_url": "https://pan.baidu.com/s/1Vq1cwnO8qwv3-YDIaM1zzQ"
                    },
                    {
                        "name": "【飆股在線等】第17集！｜爆大量vs.量縮 成交量洩天機！朱家泓口訣秒懂4種量價關係 抓漲跌進場就賺170%｜李兆華、朱家泓《理財達人秀》2021.02.03",
                        "desc": "链接: https://pan.baidu.com/s/14Hv2KTYJV-6e0iueEAccdA 提取码: 2m9t",
                        "download_url": "https://pan.baidu.com/s/14Hv2KTYJV-6e0iueEAccdA"
                    },
                    {
                        "name": "【飆股在線等】第18集！｜急跌暴漲 V型反轉 完美型態弱勢股變飆股 大師親曝4心法進場就賺！8字箴言牛轉乾坤 狂賺130%？｜李兆華、朱家泓《理財達人秀》2021.02.10",
                        "desc": "链接: https://pan.baidu.com/s/1Plq23iVkmXG1XsI6ISdISA 提取码: 6bam",
                        "download_url": "https://pan.baidu.com/s/1Plq23iVkmXG1XsI6ISdISA"
                    },
                    {
                        "name": "【飆股在線等】第19集！｜最好用的2種K棒組合！母子懷抱vs吞噬？訊號出現買就賺？｜李兆華、朱家泓《理財達人秀》2021.03.12",
                        "desc": "链接: https://pan.baidu.com/s/1EQX4qkPMo3ApaFQoR2CBhA 提取码: c7es",
                        "download_url": "https://pan.baidu.com/s/1EQX4qkPMo3ApaFQoR2CBhA"
                    },
                    {
                        "name": "【飆股在線等】第20集！｜首發！朱家泓神級葛蘭碧戰法 抓起漲飆股vs.搶反彈 4個訊號突破均線 進場爽賺90%？｜李兆華、朱家泓《理財達人秀》2021.03.26",
                        "desc": "链接: https://pan.baidu.com/s/1rnTuEPQRtji4hqErTEDg4g 提取码: mmhx",
                        "download_url": "https://pan.baidu.com/s/1rnTuEPQRtji4hqErTEDg4g"
                    },
                    {
                        "name": "【飆股在線等】第21集！｜葛蘭碧八法浮現下跌前4賣點 飆股轉空假突破 朱家泓親授多空戰法爽賺90%？｜李兆華、朱家泓《理財達人秀》2021.04.09",
                        "desc": "链接: https://pan.baidu.com/s/15UzHuQLHqMyPDiwRFRn7gg 提取码: d4kd",
                        "download_url": "https://pan.baidu.com/s/15UzHuQLHqMyPDiwRFRn7gg"
                    },
                    {
                        "name": "【飆股在線等】第22集！｜超長上下影線不用逃命 續抱關鍵曝光！避雷針vs吊人線進出攻略 揭穿假漲10%主力真出貨 抓3訊號平安落袋45%！｜李兆華、朱家泓《理財達人秀》2021.04.23",
                        "desc": "链接: https://pan.baidu.com/s/1Q7bBMZbj83rywlYvDsgCeQ 提取码: p334",
                        "download_url": "https://pan.baidu.com/s/1Q7bBMZbj83rywlYvDsgCeQ"
                    },
                    {
                        "name": "【飆股在線等】第23集！｜最浪漫K棒組合 晨星vs.夜星 朱家泓最愛數星星抓漲跌 多空雙賺績效飆破100%？轉折訊號浮現 停利停損攻略全公開！｜李兆華、朱家泓《理財達人秀》2021.05.07",
                        "desc": "链接: https://pan.baidu.com/s/1nXj8uYMVsz2ARsSWaeyBHQ 提取码: fxh3",
                        "download_url": "https://pan.baidu.com/s/1nXj8uYMVsz2ARsSWaeyBHQ"
                    },
                    {
                        "name": "【飆股在線等】第24集！｜波浪理論驗證台股走完邪惡第5波 反彈後C波下跌起手式？5升3降解碼神秘延長波 起漲點浮現穩賺30%？｜李兆華、朱家泓《理財達人秀》2021.05.21",
                        "desc": "链接: https://pan.baidu.com/s/1MUFFNyhxNxtgS2cmG1LRBQ 提取码: sevj",
                        "download_url": "https://pan.baidu.com/s/1MUFFNyhxNxtgS2cmG1LRBQ"
                    },
                    {
                        "name": "【飆股在線等】第25集！｜搶反彈有雷！假反彈醞釀逃命波 2招抓止漲訊號 減碼保獲利！｜李兆華、朱家泓《理財達人秀》2021.07.31",
                        "desc": "链接: https://pan.baidu.com/s/1thLOmgRJnimRg5-u1feXSA 提取码: d7ng",
                        "download_url": "https://pan.baidu.com/s/1thLOmgRJnimRg5-u1feXSA"
                    },
                    {
                        "name": "【飆股在線等】第26集！｜致命黑K棒預告空襲警報？5種K棒組合終結多頭快逃？｜李兆華、朱家泓《理財達人秀》2021.08.14",
                        "desc": "链接: https://pan.baidu.com/s/1SZfreIAC18r4nYjr_kjoDg 提取码: g9xr",
                        "download_url": "https://pan.baidu.com/s/1SZfreIAC18r4nYjr_kjoDg"
                    },
                    {
                        "name": "【飆股在線等】第27集！｜多空狂震 持股做頭怕爆！多軍最怕 3招抓飆股在做頭 快逃？｜李兆華、朱家泓《理財達人秀》2021.08.28",
                        "desc": "链接: https://pan.baidu.com/s/1xuZy0GTbSyQgHVSmW0IZeA 提取码: u8yp",
                        "download_url": "https://pan.baidu.com/s/1xuZy0GTbSyQgHVSmW0IZeA"
                    },
                    {
                        "name": "【飆股在線等】第28集！｜飆股盤整多空難辨 噴漲vs下殺？神秘三角型態抓趨勢 多空雙賺｜李兆華、朱家泓《理財達人秀》2021.09.11",
                        "desc": "链接: https://pan.baidu.com/s/17mqTuqLeM60WCqFIo4B3cQ 提取码: 6uxg",
                        "download_url": "https://pan.baidu.com/s/17mqTuqLeM60WCqFIo4B3cQ"
                    },
                    {
                        "name": "【飆股在線等】第29集！｜朱家泓揭密選股秘徑！找強勢族群看3好？熟讀6法則 飆股池裡撈80%大魚｜李兆華、朱家泓《理財達人秀》2021.10.02",
                        "desc": "链接: https://pan.baidu.com/s/1Dqw7VODd2dQ_WvmqV-sWHQ 提取码: eei3",
                        "download_url": "https://pan.baidu.com/s/1Dqw7VODd2dQ_WvmqV-sWHQ"
                    },
                    {
                        "name": "【飆股在線等】第30集！｜散戶致命誤判區慘套牢！技術分析必勝5字訣秒抓波段起漲 檔檔爽賺20%？｜李兆華、朱家泓《理財達人秀》2021.10.16",
                        "desc": "链接: https://pan.baidu.com/s/17zVuQwmCM6uKQ-LsujMC7A 提取码: 3gwt",
                        "download_url": "https://pan.baidu.com/s/17zVuQwmCM6uKQ-LsujMC7A"
                    },
                    {
                        "name": "【飆股在線等】第31集！｜底部飆漲型態W底 4步確認低檔上車爽賺！三點兩線抓目標價 進場vs.停損教戰不踩雷｜李兆華、朱家泓《理財達人秀》2021.11.06",
                        "desc": "链接: https://pan.baidu.com/s/1G09tvOB6fgSGSlBf3cVmUw 提取码: hvgs",
                        "download_url": "https://pan.baidu.com/s/1G09tvOB6fgSGSlBf3cVmUw"
                    }
                ]
            },
            {
                "形态神一波": [
                    {
                        "name": "【型態神一波】第1集！｜型態學第一課！破底翻抓到飆100%好股？兩加碼點進場勝率70%｜李兆華、蔡森《理財達人秀》2020.02.25",
                        "desc": "链接: https://pan.baidu.com/s/1Og9zVZQgARhl2f_oC2-SAg 提取码: xrw3",
                        "download_url": "https://pan.baidu.com/s/1Og9zVZQgARhl2f_oC2-SAg"
                    },
                    {
                        "name": "【型態神一波】第2集！｜拆穿假突破抓轉折！2條線掌握空方起跌點！順勢放空賺55%快錢｜李兆華、蔡森《理財達人秀》2020.3.10",
                        "desc": "链接: https://pan.baidu.com/s/1UId7bUKaBt4fkpYkFKy0iQ 提取码: vjeb",
                        "download_url": "https://pan.baidu.com/s/1UId7bUKaBt4fkpYkFKy0iQ"
                    },
                    {
                        "name": "【型態神一波】第3集！｜台股做M頭還是W底？川普6度破產無限QE有效？W底突破狂翻7倍？｜李兆華、蔡森《理財達人秀》2020.04.01",
                        "desc": "链接: https://pan.baidu.com/s/1_BwV5o9Eh6yH91tMY2rvPA 提取码: f1y1",
                        "download_url": "https://pan.baidu.com/s/1_BwV5o9Eh6yH91tMY2rvPA"
                    },
                    {
                        "name": "【型態神一波】第4集！｜原油觸底黃金上看2千美元？2型態完成大行情來了？石油ETF.塑化股詳解｜李兆華、蔡森《理財達人秀》2020.04.16",
                        "desc": "链接: https://pan.baidu.com/s/1BKP3b5WO5R44eL495C0I8g 提取码: sbjc",
                        "download_url": "https://pan.baidu.com/s/1BKP3b5WO5R44eL495C0I8g"
                    },
                    {
                        "name": "【型態神一波】第5集！｜1招型態賣股在高檔 大師實戰紀錄公開! 2波操作狂賺250%｜李兆華、蔡森《理財達人秀》2020.05.15",
                        "desc": "链接: https://pan.baidu.com/s/1SU5Ni1PzaDCrfBBMvT-Fig 提取码: ckue",
                        "download_url": "https://pan.baidu.com/s/1SU5Ni1PzaDCrfBBMvT-Fig"
                    },
                    {
                        "name": "【型態神一波】第6集！｜股價突破神秘三角！告別迷航大賺2波 50萬滾千萬獲利｜李兆華、蔡森《理財達人秀》2020.06.15",
                        "desc": "链接: https://pan.baidu.com/s/1Zy_DPMWKKL2Rkhc9hHKG8A 提取码: vd8p",
                        "download_url": "https://pan.baidu.com/s/1Zy_DPMWKKL2Rkhc9hHKG8A"
                    },
                    {
                        "name": "【型態神一波】第7集！｜黃金突破2千美元 白銀還有戲？時間對稱+突破訊號 瘋漲40%！｜李兆華、蔡森《理財達人秀》2020.08.10",
                        "desc": "链接: https://pan.baidu.com/s/1FsUO4wXvP0Hw7hLcbQ8ZWQ 提取码: xuyg",
                        "download_url": "https://pan.baidu.com/s/1FsUO4wXvP0Hw7hLcbQ8ZWQ"
                    }
                ]
            },
            {
                "长颈鹿的股票课堂": [
                    {
                        "name": "第一课均线20160515",
                        "desc": "链接: https://pan.baidu.com/s/10Z_LlWmAoQJ1KBUR7hDF4Q 提取码: 9ajt",
                        "download_url": "https://pan.baidu.com/s/10Z_LlWmAoQJ1KBUR7hDF4Q"
                    },
                    {
                        "name": "第二课均线二20160522",
                        "desc": "链接: https://pan.baidu.com/s/1-NIikZeh_BLqXEE143MytQ 提取码: d4w6",
                        "download_url": "https://pan.baidu.com/s/1-NIikZeh_BLqXEE143MytQ"
                    },
                    {
                        "name": "第三课随机指标KD20160529",
                        "desc": "链接: https://pan.baidu.com/s/1GBx3apj0LlxzI6hBiBX_yw 提取码: 76u6",
                        "download_url": "https://pan.baidu.com/s/1GBx3apj0LlxzI6hBiBX_yw"
                    },
                    {
                        "name": "第四课随机指标KD二20160605",
                        "desc": "链接: https://pan.baidu.com/s/1c7OceD50ZR82oGXjP1w6zA 提取码: ps3c",
                        "download_url": "https://pan.baidu.com/s/1c7OceD50ZR82oGXjP1w6zA"
                    },
                    {
                        "name": "第五课MACD和特别篇20160612",
                        "desc": "链接: https://pan.baidu.com/s/1Fa7IA5STjNBDBqw4aakpzw 提取码: eytc",
                        "download_url": "https://pan.baidu.com/s/1Fa7IA5STjNBDBqw4aakpzw"
                    },
                    {
                        "name": "第六课MACD二20160619",
                        "desc": "链接: https://pan.baidu.com/s/1c8hkVbqrG8SVv153qn6yqg 提取码: 59gi",
                        "download_url": "https://pan.baidu.com/s/1c8hkVbqrG8SVv153qn6yqg"
                    },
                    {
                        "name": "第七课综合应用20160626",
                        "desc": "链接: https://pan.baidu.com/s/1Fa7IA5STjNBDBqw4aakpzw 提取码: eytc",
                        "download_url": "https://pan.baidu.com/s/1Fa7IA5STjNBDBqw4aakpzw"
                    },
                    {
                        "name": "第八节费氏数列20160703",
                        "desc": "链接: https://pan.baidu.com/s/1OMhLcTyvzFW7_5T2IyHIKA 提取码: w9h3",
                        "download_url": "https://pan.baidu.com/s/1OMhLcTyvzFW7_5T2IyHIKA"
                    },
                    {
                        "name": "第九课费氏数列二20160710",
                        "desc": "链接: https://pan.baidu.com/s/1RX0kKIajOfC_-1c1D7QltA 提取码: hkkk",
                        "download_url": "https://pan.baidu.com/s/1RX0kKIajOfC_-1c1D7QltA"
                    },
                    {
                        "name": "第十节量价关系20160717",
                        "desc": "链接: https://pan.baidu.com/s/1iy2VSj1_2P3lH4I4MosLWQ 提取码: d3wq",
                        "download_url": "https://pan.baidu.com/s/1iy2VSj1_2P3lH4I4MosLWQ"
                    },
                    {
                        "name": "第十一课量价关系二20160724",
                        "desc": "链接: https://pan.baidu.com/s/1nKE1m4wYu6PpB9abbcQ_vA 提取码: 294m",
                        "download_url": "https://pan.baidu.com/s/1nKE1m4wYu6PpB9abbcQ_vA"
                    },
                    {
                        "name": "第十二课综合选股20160731",
                        "desc": "链接: https://pan.baidu.com/s/1s7JXQWwP-WXoJh5jxlmdOQ 提取码: seua",
                        "download_url": "https://pan.baidu.com/s/1s7JXQWwP-WXoJh5jxlmdOQ"
                    },
                    {
                        "name": "第十三课特别篇-旅行路上的思考20160807",
                        "desc": "链接: https://pan.baidu.com/s/1mKxjUCcGRMCOArMvCXnYGA 提取码: 2wmm",
                        "download_url": "https://pan.baidu.com/s/1mKxjUCcGRMCOArMvCXnYGA"
                    },
                    {
                        "name": "第十四课概述20160814",
                        "desc": "链接: https://pan.baidu.com/s/10GTtF-KvnfiiloJhYJgZRw 提取码: kmz9",
                        "download_url": "https://pan.baidu.com/s/10GTtF-KvnfiiloJhYJgZRw"
                    },
                    {
                        "name": "第十五课行情软件使用20160818",
                        "desc": "链接: https://pan.baidu.com/s/12-Jc3qjX107ecZIQ82ZwvA 提取码: h8c9",
                        "download_url": "https://pan.baidu.com/s/12-Jc3qjX107ecZIQ82ZwvA"
                    },
                    {
                        "name": "第十六课K线一20160828",
                        "desc": "链接: https://pan.baidu.com/s/1NJtv2b1cC-6SM_jblIXlYg 提取码: kj9m",
                        "download_url": "https://pan.baidu.com/s/1NJtv2b1cC-6SM_jblIXlYg"
                    },
                    {
                        "name": "第十七课K线二20160904",
                        "desc": "链接: https://pan.baidu.com/s/1o-6KsI566lL1rTAY2ktKag 提取码: yag9",
                        "download_url": "https://pan.baidu.com/s/1o-6KsI566lL1rTAY2ktKag"
                    },
                    {
                        "name": "第十八课K线三20160911",
                        "desc": "链接: https://pan.baidu.com/s/1Oi9B-ciE17EiCNjZOpAc6Q 提取码: brrw",
                        "download_url": "https://pan.baidu.com/s/1Oi9B-ciE17EiCNjZOpAc6Q"
                    },
                    {
                        "name": "第十九课特别篇-正确认识炒股20160918",
                        "desc": "链接: https://pan.baidu.com/s/1hfvQlf_EewpeIAi474cowA 提取码: u2ti",
                        "download_url": "https://pan.baidu.com/s/1hfvQlf_EewpeIAi474cowA"
                    },
                    {
                        "name": "第二十课形态20160925",
                        "desc": "链接: https://pan.baidu.com/s/1xo0o9vG4vTQd85xcQ7XJEA 提取码: 2umb",
                        "download_url": "https://pan.baidu.com/s/1xo0o9vG4vTQd85xcQ7XJEA"
                    },
                    {
                        "name": "第二十一课形态二20161002",
                        "desc": "链接: https://pan.baidu.com/s/1NOvGPtHpeSfo-Xu0YuNSYg 提取码: 1rw2",
                        "download_url": "https://pan.baidu.com/s/1NOvGPtHpeSfo-Xu0YuNSYg"
                    },
                    {
                        "name": "第二十二课形态三20161009",
                        "desc": "链接: https://pan.baidu.com/s/191p1PwXV7TAjDlxaTSWe4Q 提取码: s9yx 复制这段内容后打开百度网盘手机App，操作更方便哦",
                        "download_url": "https://pan.baidu.com/s/191p1PwXV7TAjDlxaTSWe4Q"
                    },
                    {
                        "name": "第二十三课形态四20161016",
                        "desc": "链接: https://pan.baidu.com/s/1cvOniEv3g4GTE2UPAB9o4A 提取码: p89x 复制这段内容后打开百度网盘手机App，操作更方便哦",
                        "download_url": "https://pan.baidu.com/s/1cvOniEv3g4GTE2UPAB9o4A"
                    },
                    {
                        "name": "第二十四课级别概念20161021",
                        "desc": "链接: https://pan.baidu.com/s/1Vt3vMFnkQsLTJWqpUZbluA 提取码: jqj5 复制这段内容后打开百度网盘手机App，操作更方便哦",
                        "download_url": "https://pan.baidu.com/s/1Vt3vMFnkQsLTJWqpUZbluA"
                    },
                    {
                        "name": "第二十五课总结和特别篇20161030",
                        "desc": "链接: https://pan.baidu.com/s/1GXDRqCXjTCjRaz_T94jNYA 提取码: w6xz 复制这段内容后打开百度网盘手机App，操作更方便哦",
                        "download_url": "https://pan.baidu.com/s/1GXDRqCXjTCjRaz_T94jNYA"
                    },
                    {
                        "name": "第二十六课波浪1-20161106",
                        "desc": "链接: https://pan.baidu.com/s/1X3DTKYng-A72aUt_bDI5fg 提取码: t2ns 复制这段内容后打开百度网盘手机App，操作更方便哦",
                        "download_url": "https://pan.baidu.com/s/1X3DTKYng-A72aUt_bDI5fg"
                    },
                    {
                        "name": "第二十七课波浪2-20161113",
                        "desc": "链接: https://pan.baidu.com/s/1sWB6zr7FIQpqdjK0tND_nA 提取码: 9txc 复制这段内容后打开百度网盘手机App，操作更方便哦",
                        "download_url": "https://pan.baidu.com/s/1sWB6zr7FIQpqdjK0tND_nA"
                    },
                    {
                        "name": "第二十八课波浪3-20161120",
                        "desc": "链接: https://pan.baidu.com/s/1LLdTxO4hKoPBHlIclBBQWQ 提取码: 429z 复制这段内容后打开百度网盘手机App，操作更方便哦",
                        "download_url": "https://pan.baidu.com/s/1LLdTxO4hKoPBHlIclBBQWQ"
                    },
                    {
                        "name": "第二十九课波浪4-20161127",
                        "desc": "链接: https://pan.baidu.com/s/1Aj1nhOa1_cbf8muUoQqsJg 提取码: q888 复制这段内容后打开百度网盘手机App，操作更方便哦",
                        "download_url": "https://pan.baidu.com/s/1Aj1nhOa1_cbf8muUoQqsJg"
                    },
                    {
                        "name": "第三十课波浪5-20161204",
                        "desc": "链接: https://pan.baidu.com/s/1669Gk817d3WVsPE8kysxrg 提取码: fvmg 复制这段内容后打开百度网盘手机App，操作更方便哦",
                        "download_url": "https://pan.baidu.com/s/1669Gk817d3WVsPE8kysxrg"
                    },
                    {
                        "name": "第三十一课波浪总结和特别篇20161211 P1 31波浪总结和特别篇-1",
                        "desc": "链接: https://pan.baidu.com/s/1WJw1aOvFOP_z2mFlZLH2oA 提取码: 7r52 复制这段内容后打开百度网盘手机App，操作更方便哦",
                        "download_url": "https://pan.baidu.com/s/1WJw1aOvFOP_z2mFlZLH2oA"
                    },
                    {
                        "name": "第三十二课操作系统1-20161218",
                        "desc": "链接: https://pan.baidu.com/s/1gxOLQeUcOYn6AiK3dq-AMw 提取码: ug4w 复制这段内容后打开百度网盘手机App，操作更方便哦",
                        "download_url": "https://pan.baidu.com/s/1gxOLQeUcOYn6AiK3dq-AMw"
                    },
                    {
                        "name": "第三十三课操作系统2-20161225",
                        "desc": "链接: https://pan.baidu.com/s/1xVnEGVexjSDF6GrY3xVPgQ 提取码: 7epy 复制这段内容后打开百度网盘手机App，操作更方便哦",
                        "download_url": "https://pan.baidu.com/s/1xVnEGVexjSDF6GrY3xVPgQ"
                    },
                    {
                        "name": "第三十四课操作系统3-20170101",
                        "desc": "链接: https://pan.baidu.com/s/1PYavgszFpXukuNMM7DQOxg 提取码: py35 复制这段内容后打开百度网盘手机App，操作更方便哦",
                        "download_url": "https://pan.baidu.com/s/1PYavgszFpXukuNMM7DQOxg"
                    },
                    {
                        "name": "第三十五课操作系统4-20170108",
                        "desc": "链接: https://pan.baidu.com/s/1QSe4FZdiqvufTqX88KspkA 提取码: v7de 复制这段内容后打开百度网盘手机App，操作更方便哦",
                        "download_url": "https://pan.baidu.com/s/1QSe4FZdiqvufTqX88KspkA"
                    },
                    {
                        "name": "第三十六课操作系统5-20170115",
                        "desc": "链接: https://pan.baidu.com/s/1BuTbeoM5Y36kMu3D6a9-9g 提取码: kbvh 复制这段内容后打开百度网盘手机App，操作更方便哦",
                        "download_url": "https://pan.baidu.com/s/1BuTbeoM5Y36kMu3D6a9-9g"
                    },
                    {
                        "name": "第三十七课操作系统和止盈止损-20170122",
                        "desc": "链接: https://pan.baidu.com/s/1dE3ZDiOk4-zEq4IKCJ82bQ 提取码: f2ai 复制这段内容后打开百度网盘手机App，操作更方便哦",
                        "download_url": "https://pan.baidu.com/s/1dE3ZDiOk4-zEq4IKCJ82bQ"
                    },
                    {
                        "name": "第三十八课周末版-20170205",
                        "desc": "链接: https://pan.baidu.com/s/1QDu92JwSL5diaY9sGvmKPg 提取码: rm78 复制这段内容后打开百度网盘手机App，操作更方便哦",
                        "download_url": "https://pan.baidu.com/s/1QDu92JwSL5diaY9sGvmKPg"
                    },
                    {
                        "name": "第三十九课周末版-20170212",
                        "desc": "链接: https://pan.baidu.com/s/1nOTIp6I_GPOy_29PbGAzKA 提取码: tnnb 复制这段内容后打开百度网盘手机App，操作更方便哦",
                        "download_url": "https://pan.baidu.com/s/1nOTIp6I_GPOy_29PbGAzKA"
                    },
                    {
                        "name": "第四十课选股-20170219",
                        "desc": "链接: https://pan.baidu.com/s/1EsXGb1T8IJCKeqYiyxIZhw 提取码: 2qqq 复制这段内容后打开百度网盘手机App，操作更方便哦",
                        "download_url": "https://pan.baidu.com/s/1EsXGb1T8IJCKeqYiyxIZhw"
                    },
                    {
                        "name": "第四十一课周末版-20170226",
                        "desc": "链接: https://pan.baidu.com/s/1hPrpucSa1uJjO2hpaSVImg 提取码: em8t 复制这段内容后打开百度网盘手机App，操作更方便哦",
                        "download_url": "https://pan.baidu.com/s/1hPrpucSa1uJjO2hpaSVImg"
                    },
                    {
                        "name": "第四十二课周末版-20170305",
                        "desc": "链接: https://pan.baidu.com/s/1WA6FDtdD4rsG6pDDFv75sA 提取码: v2sd 复制这段内容后打开百度网盘手机App，操作更方便哦",
                        "download_url": "https://pan.baidu.com/s/1WA6FDtdD4rsG6pDDFv75sA"
                    },
                    {
                        "name": "第四十三课周末版-20170312",
                        "desc": "链接: https://pan.baidu.com/s/1fOgDtI2MWqWMrWMLqw3MNQ 提取码: rtub 复制这段内容后打开百度网盘手机App，操作更方便哦",
                        "download_url": "https://pan.baidu.com/s/1fOgDtI2MWqWMrWMLqw3MNQ"
                    },
                    {
                        "name": "第四十四课周末版-20170319",
                        "desc": "链接: https://pan.baidu.com/s/10II6BMIiVxTtQDGVuSvdIA 提取码: yqgm 复制这段内容后打开百度网盘手机App，操作更方便哦",
                        "download_url": "https://pan.baidu.com/s/10II6BMIiVxTtQDGVuSvdIA"
                    },
                    {
                        "name": "第四十五课周末版-20170327",
                        "desc": "链接: https://pan.baidu.com/s/1PKBlnMhAv9ayVL4lHBR7mg 提取码: akiu 复制这段内容后打开百度网盘手机App，操作更方便哦",
                        "download_url": "https://pan.baidu.com/s/1PKBlnMhAv9ayVL4lHBR7mg"
                    },
                    {
                        "name": "第四十六课周末版-20170402",
                        "desc": "链接: https://pan.baidu.com/s/1KPm6FGdd38HVSPEOljuIxw 提取码: kxqb 复制这段内容后打开百度网盘手机App，操作更方便哦",
                        "download_url": "https://pan.baidu.com/s/1KPm6FGdd38HVSPEOljuIxw"
                    },
                    {
                        "name": "第四十七课周末版-20170409",
                        "desc": "链接: https://pan.baidu.com/s/1DE8NMOBsmhUEqQ76EMDl9g 提取码: 68qi 复制这段内容后打开百度网盘手机App，操作更方便哦",
                        "download_url": "https://pan.baidu.com/s/1DE8NMOBsmhUEqQ76EMDl9g"
                    },
                    {
                        "name": "第四十八课周末版-20170416",
                        "desc": "链接: https://pan.baidu.com/s/1vjxybdasdBEbJksFDA1Cjw 提取码: gh3n 复制这段内容后打开百度网盘手机App，操作更方便哦",
                        "download_url": "https://pan.baidu.com/s/1vjxybdasdBEbJksFDA1Cjw"
                    },
                    {
                        "name": "第四十九课周末版-20170423",
                        "desc": "链接: https://pan.baidu.com/s/10EsQIQkzBWEnoig9CJeJaw 提取码: sqaw 复制这段内容后打开百度网盘手机App，操作更方便哦",
                        "download_url": "https://pan.baidu.com/s/10EsQIQkzBWEnoig9CJeJaw"
                    },
                    {
                        "name": "第五十课周末版-20170430",
                        "desc": "链接: https://pan.baidu.com/s/17LUow0xXq2jj0qecREdbcw 提取码: hk9r 复制这段内容后打开百度网盘手机App，操作更方便哦",
                        "download_url": "https://pan.baidu.com/s/17LUow0xXq2jj0qecREdbcw"
                    },
                    {
                        "name": "第五十一课周末版-20170507",
                        "desc": "链接: https://pan.baidu.com/s/1myMVmKntn0R2UtRj6_pvfw 提取码: dgc5 复制这段内容后打开百度网盘手机App，操作更方便哦",
                        "download_url": "https://pan.baidu.com/s/1myMVmKntn0R2UtRj6_pvfw"
                    },
                    {
                        "name": "第五十二课周末版-20170514",
                        "desc": "链接: https://pan.baidu.com/s/1LQTrY8hhzbPmsV5hNXOUlQ 提取码: hzkq 复制这段内容后打开百度网盘手机App，操作更方便哦",
                        "download_url": "https://pan.baidu.com/s/1LQTrY8hhzbPmsV5hNXOUlQ"
                    },
                    {
                        "name": "第五十三课周末版-20170530",
                        "desc": "链接: https://pan.baidu.com/s/1pbVyq7HaBb67lTMc46Q1uQ 提取码: 7kf6 复制这段内容后打开百度网盘手机App，操作更方便哦",
                        "download_url": "https://pan.baidu.com/s/1pbVyq7HaBb67lTMc46Q1uQ"
                    },
                    {
                        "name": "第五十四课周末版-20170604",
                        "desc": "链接: https://pan.baidu.com/s/1bs93kVuKGsy7O04NXsN8Bg 提取码: d1q3 复制这段内容后打开百度网盘手机App，操作更方便哦",
                        "download_url": "https://pan.baidu.com/s/1bs93kVuKGsy7O04NXsN8Bg"
                    },
                    {
                        "name": "第五十五课周末版-20170611",
                        "desc": "链接: https://pan.baidu.com/s/1CTKk09FETB7LV2hrThRO-w 提取码: gx6m 复制这段内容后打开百度网盘手机App，操作更方便哦",
                        "download_url": "https://pan.baidu.com/s/1CTKk09FETB7LV2hrThRO-w"
                    },
                    {
                        "name": "第五十六课周末版-20170618",
                        "desc": "链接: https://pan.baidu.com/s/1e6yLz9FETLL5JDFyPytYQQ 提取码: hbuk 复制这段内容后打开百度网盘手机App，操作更方便哦",
                        "download_url": "https://pan.baidu.com/s/1e6yLz9FETLL5JDFyPytYQQ"
                    },
                    {
                        "name": "第五十七课周末版-20170625",
                        "desc": "链接: https://pan.baidu.com/s/1zTezDisGKMOjGBlp6NIDyQ 提取码: m3z7 复制这段内容后打开百度网盘手机App，操作更方便哦",
                        "download_url": "https://pan.baidu.com/s/1zTezDisGKMOjGBlp6NIDyQ"
                    },
                    {
                        "name": "第五十八课猎杀红色七月-20170702",
                        "desc": "链接: https://pan.baidu.com/s/1B4g_wwC-j9N0eb9uAU26kw 提取码: tjxd 复制这段内容后打开百度网盘手机App，操作更方便哦",
                        "download_url": "https://pan.baidu.com/s/1B4g_wwC-j9N0eb9uAU26kw"
                    },
                    {
                        "name": "第五十九课启动前倒数第二次震荡低阶机会-20170709",
                        "desc": "链接: https://pan.baidu.com/s/1ojUQOVAlYuSk6YS3T5k8mw 提取码: yd4j 复制这段内容后打开百度网盘手机App，操作更方便哦",
                        "download_url": "https://pan.baidu.com/s/1ojUQOVAlYuSk6YS3T5k8mw"
                    },
                    {
                        "name": "第六十课准备布局最后的甩轿-20170716",
                        "desc": "链接: https://pan.baidu.com/s/1OPdqwjkx5GUdJwS4rwd4uQ 提取码: 18tf 复制这段内容后打开百度网盘手机App，操作更方便哦",
                        "download_url": "https://pan.baidu.com/s/1OPdqwjkx5GUdJwS4rwd4uQ"
                    },
                    {
                        "name": "第六十一课月底月初准备梭哈-20170723",
                        "desc": "链接: https://pan.baidu.com/s/1hwVVlqmrUrR3vEADufnfUA 提取码: 5zsj 复制这段内容后打开百度网盘手机App，操作更方便哦",
                        "download_url": "https://pan.baidu.com/s/1hwVVlqmrUrR3vEADufnfUA"
                    },
                    {
                        "name": "第六十二课等待启动和个股解析-20170730",
                        "desc": "链接: https://pan.baidu.com/s/1vOtj4-sDq-Fpdh6waFs5zg 提取码: c4kg 复制这段内容后打开百度网盘手机App，操作更方便哦",
                        "download_url": "https://pan.baidu.com/s/1vOtj4-sDq-Fpdh6waFs5zg"
                    },
                    {
                        "name": "第六十三课关注变轨和二浪形态-20170806",
                        "desc": "链接: https://pan.baidu.com/s/1Z0HSSXmGA5O65lmJlfeb1A 提取码: 5sks 复制这段内容后打开百度网盘手机App，操作更方便哦",
                        "download_url": "https://pan.baidu.com/s/1Z0HSSXmGA5O65lmJlfeb1A"
                    },
                    {
                        "name": "第六十四课等待二浪确认信号-20170813",
                        "desc": "链接: https://pan.baidu.com/s/10aC_9pdH63ucptdoON6O-w 提取码: wh48 复制这段内容后打开百度网盘手机App，操作更方便哦",
                        "download_url": "https://pan.baidu.com/s/10aC_9pdH63ucptdoON6O-w"
                    },
                    {
                        "name": "第六十五课周末版-20170827",
                        "desc": "链接: https://pan.baidu.com/s/1vrB2m4QuIwg5OlW9-DszFg 提取码: k31i 复制这段内容后打开百度网盘手机App，操作更方便哦",
                        "download_url": "https://pan.baidu.com/s/1vrB2m4QuIwg5OlW9-DszFg"
                    },
                    {
                        "name": "第六十六课月底月初最后的布局-20170903",
                        "desc": "链接: https://pan.baidu.com/s/1f24JgAnIhUl7wWOunAqlOA 提取码: g6qq 复制这段内容后打开百度网盘手机App，操作更方便哦",
                        "download_url": "https://pan.baidu.com/s/1f24JgAnIhUl7wWOunAqlOA"
                    },
                    {
                        "name": "第六十七课看好股票-20170910",
                        "desc": "链接: https://pan.baidu.com/s/1lGuXaSRpudqHaKiCQtCE8Q 提取码: 19rz 复制这段内容后打开百度网盘手机App，操作更方便哦",
                        "download_url": "https://pan.baidu.com/s/1lGuXaSRpudqHaKiCQtCE8Q"
                    },
                    {
                        "name": "第六十八课假跌漏-20170917",
                        "desc": "链接: https://pan.baidu.com/s/1nYA2iRHWn24BbNJGDwDf6A 提取码: a92g 复制这段内容后打开百度网盘手机App，操作更方便哦",
                        "download_url": "https://pan.baidu.com/s/1nYA2iRHWn24BbNJGDwDf6A"
                    },
                    {
                        "name": "第六十九课关注假突破确认信号-20170924",
                        "desc": "链接: https://pan.baidu.com/s/1RWtIbhBiXFrquomsQnIoXQ 提取码: miec 复制这段内容后打开百度网盘手机App，操作更方便哦",
                        "download_url": "https://pan.baidu.com/s/1RWtIbhBiXFrquomsQnIoXQ"
                    },
                    {
                        "name": "第七十课红色十月-20171008",
                        "desc": "链接: https://pan.baidu.com/s/1X0TdFcGkgs7bLFhNmM7J8w 提取码: wgcn 复制这段内容后打开百度网盘手机App，操作更方便哦",
                        "download_url": "https://pan.baidu.com/s/1X0TdFcGkgs7bLFhNmM7J8w"
                    },
                    {
                        "name": "第七十一课开始攻击-20171015",
                        "desc": "链接: https://pan.baidu.com/s/1ucoHdR_6TJAlesH8K3QANg 提取码: yvgj 复制这段内容后打开百度网盘手机App，操作更方便哦",
                        "download_url": "https://pan.baidu.com/s/1ucoHdR_6TJAlesH8K3QANg"
                    }
                ]
            }
        ]
    },
    {
        "电子书": [
            {
                "财商": [
                    {
                        "name": "《小狗钱钱》",
                        "desc": "链接: https://pan.baidu.com/s/14Vj3dHpkAvILk9apzXfQtQ 提取码: 8brg",
                        "download_url": "https://pan.baidu.com/s/14Vj3dHpkAvILk9apzXfQtQ"
                    },
                    {
                        "name": "《投资最重要的事》",
                        "desc": "链接: https://pan.baidu.com/s/1B9GRJCdcRBqndI82CnB73Q 提取码: e7p7",
                        "download_url": "https://pan.baidu.com/s/1B9GRJCdcRBqndI82CnB73Q"
                    },
                    {
                        "name": "《不落俗套的成功：最好的个人投资方法》",
                        "desc": "链接: https://pan.baidu.com/s/1CA3TIxvNgCjwbGdUUhut6A 提取码: dgn3",
                        "download_url": "https://pan.baidu.com/s/1CA3TIxvNgCjwbGdUUhut6A"
                    }
                ]
            },
            {
                "基金": [
                    {
                        "name": "《指数基金投资指南》",
                        "desc": "链接: https://pan.baidu.com/s/1YUQYgbIfA-77HHvjwyNwiQ 提取码: ccht",
                        "download_url": "https://pan.baidu.com/s/1YUQYgbIfA-77HHvjwyNwiQ"
                    },
                    {
                        "name": "《基金长青：范勇宏讲述华夏基金15周年》",
                        "desc": "链接: https://pan.baidu.com/s/1Maj4yKZ4fEtCvzm7l-ACCQ 提取码: jrk6",
                        "download_url": "https://pan.baidu.com/s/1Maj4yKZ4fEtCvzm7l-ACCQ"
                    }
                ]
            },
            {
                "股票": [
                    {
                        "name": "《股市稳赚》",
                        "desc": "链接: https://pan.baidu.com/s/1Zj1TYZwkS-3BI7Iqotfugg 提取码: qb4h",
                        "download_url": "https://pan.baidu.com/s/1Zj1TYZwkS-3BI7Iqotfugg"
                    }
                ]
            }
        ]
    }
]
