{
    "swagger": "2.0",
    "info": {
        "contact": {}
    },
    "paths": {
        "/x/ping": {
            "get": {
                "security": [
                    {
                        "ApiKeyAuth": []
                    },
                    {
                        "BasicAuth": []
                    }
                ],
                "description": "返回 server 相关信息，可以用于健康检查",
                "consumes": [
                    "application/json"
                ],
                "produces": [
                    "application/json"
                ],
                "tags": [
                    "x"
                ],
                "summary": "默认的 Ping 接口",
                "parameters": [
                    {
                        "type": "string",
                        "description": "you can set custom trace id in header",
                        "name": "trace_id",
                        "in": "header"
                    }
                ],
                "responses": {
                    "200": {
                        "description": "OK",
                        "schema": {
                            "$ref": "#/definitions/response.Response"
                        }
                    }
                }
            }
        }
    },
    "definitions": {
        "response.Response": {
            "type": "object",
            "properties": {
                "code": {
                    "type": "object"
                },
                "data": {
                    "type": "object"
                },
                "msg": {
                    "type": "string"
                }
            }
        }
    }
}